iso3,p3_2024,p3_rank_2024,yes_2024,no_2024,abstain_2024,total_2024,p3_2025,p3_rank_2025,yes_2025,no_2025,abstain_2025,total_2025,p3_change,total_change,yes_pct_2024,yes_pct_2025,no_pct_2024,no_pct_2025,abstain_pct_2024,abstain_pct_2025,region,broad_region,direction
USA,16.19,190,32,51,11,94,0.0,191,10,174,8,192,-16.19,98,34.0,5.2,54.3,90.6,11.7,4.2,Northern America,Northern America,DECLINER
OMN,86.15,111,78,3,13,94,96.49,100,179,2,11,192,10.34,98,83.0,93.2,3.2,1.0,13.8,5.7,Western Asia,Western Asia,GAINER
SDN,84.32,116,75,9,9,93,95.59,109,173,8,8,189,11.27,96,80.6,91.5,9.7,4.2,9.7,4.2,Northern Africa,Africa,GAINER
SSD,64.48,161,12,0,7,19,76.23,187,36,1,19,56,11.75,37,63.2,64.3,0.0,1.8,36.8,33.9,Eastern Africa,Sub-Saharan Africa,GAINER
CUB,83.78,117,76,10,9,95,95.85,106,173,7,8,188,12.07,93,80.0,92.0,10.5,3.7,9.5,4.3,Caribbean,Latin America & Caribbean,GAINER
PAN,82.56,119,73,0,21,94,95.0,113,173,0,18,191,12.43,97,77.7,90.6,0.0,0.0,22.3,9.4,Central America,Latin America & Caribbean,GAINER
ISR,0.0,191,24,54,15,93,12.87,190,20,98,27,145,12.87,52,25.8,13.8,58.1,67.6,16.1,18.6,Western Asia,Western Asia,GAINER
NIC,80.27,121,72,16,6,94,93.56,117,153,15,6,174,13.29,80,76.6,87.9,17.0,8.6,6.4,3.4,Central America,Latin America & Caribbean,GAINER
TGO,80.46,120,68,0,22,90,94.37,115,170,0,20,190,13.91,100,75.6,89.5,0.0,0.0,24.4,10.5,Western Africa,Sub-Saharan Africa,GAINER
NRU,64.84,158,31,15,4,50,78.76,186,37,15,4,56,13.92,6,62.0,66.1,30.0,26.8,8.0,7.1,Micronesia,Oceania,GAINER
LBR,84.66,115,62,1,14,77,99.35,15,155,0,2,157,14.7,80,80.5,98.7,1.3,0.0,18.2,1.3,Western Africa,Sub-Saharan Africa,GAINER
SMR,76.26,127,66,13,16,95,91.08,130,160,14,18,192,14.82,97,69.5,83.3,13.7,7.3,16.8,9.4,Southern Europe,Southern Europe,GAINER
CYP,76.25,128,66,12,17,95,91.08,130,160,14,18,192,14.83,97,69.5,83.3,12.6,7.3,17.9,9.4,Western Asia,Western Asia,GAINER
AND,75.64,130,64,13,16,93,90.67,135,157,13,20,190,15.03,97,68.8,82.6,14.0,6.8,17.2,10.5,Southern Europe,Southern Europe,GAINER
IRN,78.32,123,67,11,13,91,93.41,119,162,5,18,185,15.08,94,73.6,87.6,12.1,2.7,14.3,9.7,Southern Asia,Southern Asia,GAINER
IRL,75.24,132,65,13,17,95,90.48,137,158,15,19,192,15.24,97,68.4,82.3,13.7,7.8,17.9,9.9,Northern Europe,Northern Europe,GAINER
MLT,76.24,129,66,14,15,95,91.67,126,162,14,16,192,15.43,97,69.5,84.4,14.7,7.3,15.8,8.3,Southern Europe,Southern Europe,GAINER
PAK,77.42,124,69,4,21,94,92.94,123,165,3,22,190,15.52,96,73.4,86.8,4.3,1.6,22.3,11.6,Southern Asia,Southern Asia,GAINER
CHN,77.19,125,68,11,15,94,93.1,122,167,7,18,192,15.91,98,72.3,87.0,11.7,3.6,16.0,9.4,Eastern Asia,Eastern Asia,GAINER
PNG,75.32,131,65,20,7,92,91.42,127,152,16,13,181,16.1,89,70.7,84.0,21.7,8.8,7.6,7.2,Melanesia,Oceania,GAINER
NZL,75.11,133,65,16,14,95,91.36,128,161,16,15,192,16.25,97,68.4,83.9,16.8,8.3,14.7,7.8,Australia and New Zealand,Oceania,GAINER
BLR,74.18,134,65,13,16,94,91.02,134,159,12,20,191,16.84,97,69.1,83.2,13.8,6.3,17.0,10.5,Eastern Europe,Eastern Europe,GAINER
TUR,71.96,141,60,16,16,92,89.33,144,151,16,21,188,17.36,96,65.2,80.3,17.4,8.5,17.4,11.2,Western Asia,Western Asia,GAINER
NOR,70.87,145,61,17,17,95,88.64,148,152,18,22,192,17.77,97,64.2,79.2,17.9,9.4,17.9,11.5,Northern Europe,Northern Europe,GAINER
BIH,70.91,142,61,15,19,95,88.87,147,152,15,24,191,17.96,96,64.2,79.6,15.8,7.9,20.0,12.6,Southern Europe,Southern Europe,GAINER
LIE,73.09,136,63,13,19,95,91.07,132,160,12,20,192,17.98,97,66.3,83.3,13.7,6.2,20.0,10.4,Western Europe,Western Europe,GAINER
IND,73.19,135,66,4,25,95,91.22,129,161,5,26,192,18.03,97,69.5,83.9,4.2,2.6,26.3,13.5,Southern Asia,Southern Asia,GAINER
SYR,77.02,126,54,13,7,74,95.49,110,85,1,7,93,18.47,19,73.0,91.4,17.6,1.1,9.5,7.5,Western Asia,Western Asia,GAINER
JPN,70.91,142,61,15,19,95,89.84,141,156,12,24,192,18.92,97,64.2,81.2,15.8,6.2,20.0,12.5,Eastern Asia,Eastern Asia,GAINER
AUT,70.91,144,61,16,18,95,89.87,140,156,16,20,192,18.96,97,64.2,81.2,16.8,8.3,18.9,10.4,Western Europe,Western Europe,GAINER
TON,72.88,137,53,14,12,79,92.06,125,148,12,14,174,19.18,95,67.1,85.1,17.7,6.9,15.2,8.0,Polynesia,Oceania,GAINER
ISL,68.16,147,58,17,19,94,88.26,156,150,18,23,191,20.1,97,61.7,78.5,18.1,9.4,20.2,12.0,Northern Europe,Northern Europe,GAINER
SRB,69.36,146,54,5,23,82,89.7,142,139,6,26,171,20.35,89,65.9,81.3,6.1,3.5,28.0,15.2,Southern Europe,Southern Europe,GAINER
MKD,62.74,168,52,19,20,91,83.26,183,133,24,31,188,20.52,97,57.1,70.7,20.9,12.8,22.0,16.5,Southern Europe,Southern Europe,GAINER
CMR,72.63,138,59,0,26,85,93.31,121,149,0,21,170,20.68,85,69.4,87.6,0.0,0.0,30.6,12.4,Middle Africa,Sub-Saharan Africa,GAINER
ARM,72.41,139,62,1,27,90,93.46,118,158,2,20,180,21.05,90,68.9,87.8,1.1,1.1,30.0,11.1,Western Asia,Western Asia,GAINER
BEL,67.08,151,58,21,16,95,88.31,153,151,21,20,192,21.23,97,61.1,78.6,22.1,10.9,16.8,10.4,Western Europe,Western Europe,GAINER
SVN,67.33,150,58,19,18,95,88.94,146,153,20,19,192,21.61,97,61.1,79.7,20.0,10.4,18.9,9.9,Southern Europe,Southern Europe,GAINER
MDA,67.61,149,59,14,22,95,89.5,143,154,15,22,191,21.89,96,62.1,80.6,14.7,7.9,23.2,11.5,Eastern Europe,Eastern Europe,GAINER
GRC,66.14,153,57,19,19,95,88.31,153,151,21,20,192,22.17,97,60.0,78.6,20.0,10.9,20.0,10.4,Southern Europe,Southern Europe,GAINER
MNE,66.06,154,57,20,18,95,88.32,152,151,20,21,192,22.26,97,60.0,78.6,21.1,10.4,18.9,10.9,Southern Europe,Southern Europe,GAINER
PLW,67.81,148,56,17,17,90,90.18,138,142,22,9,173,22.37,83,62.2,82.1,18.9,12.7,18.9,5.2,Micronesia,Oceania,GAINER
ESP,66.06,154,57,20,18,95,88.63,149,152,20,20,192,22.57,97,60.0,79.2,21.1,10.4,18.9,10.4,Southern Europe,Southern Europe,GAINER
ITA,64.75,159,56,21,18,95,87.37,164,148,20,24,192,22.62,97,58.9,77.1,22.1,10.4,18.9,12.5,Southern Europe,Southern Europe,GAINER
PRT,65.7,156,56,18,20,94,88.63,149,152,20,20,192,22.94,98,59.6,79.2,19.1,10.4,21.3,10.4,Southern Europe,Southern Europe,GAINER
ALB,60.85,172,53,22,20,95,84.03,181,136,20,33,189,23.17,94,55.8,72.0,23.2,10.6,21.1,17.5,Southern Europe,Southern Europe,GAINER
LUX,64.85,157,56,20,19,95,88.31,153,151,21,20,192,23.46,97,58.9,78.6,21.1,10.9,20.0,10.4,Western Europe,Western Europe,GAINER
BGR,60.94,171,53,21,21,95,84.96,177,140,22,29,191,24.02,96,55.8,73.3,22.1,11.5,22.1,15.2,Eastern Europe,Eastern Europe,GAINER
AUS,64.6,160,56,22,17,95,88.63,149,152,20,20,192,24.03,97,58.9,79.2,23.2,10.4,17.9,10.4,Australia and New Zealand,Oceania,GAINER
CHE,66.94,152,58,12,25,95,91.04,133,160,10,22,192,24.1,97,61.1,83.3,12.6,5.2,26.3,11.5,Western Europe,Western Europe,GAINER
KOR,63.52,163,55,21,19,95,87.62,163,148,19,24,191,24.1,96,57.9,77.5,22.1,9.9,20.0,12.6,Eastern Asia,Eastern Asia,GAINER
SWE,63.52,163,55,21,19,95,87.68,161,149,22,21,192,24.16,97,57.9,77.6,22.1,11.5,20.0,10.9,Northern Europe,Northern Europe,GAINER
DNK,63.39,165,55,22,18,95,87.68,161,149,22,21,192,24.29,97,57.9,77.6,23.2,11.5,18.9,10.9,Northern Europe,Northern Europe,GAINER
FIN,63.61,162,55,20,20,95,87.99,159,150,22,20,192,24.38,97,57.9,78.1,21.1,11.5,21.1,10.4,Northern Europe,Northern Europe,GAINER
NLD,63.06,166,54,20,20,94,88.19,157,149,19,22,190,25.13,96,57.4,78.4,21.3,10.0,21.3,11.6,Western Europe,Western Europe,GAINER
PRK,62.91,167,51,21,14,86,88.18,158,142,21,18,181,25.28,95,59.3,78.5,24.4,11.6,16.3,9.9,Eastern Asia,Eastern Asia,GAINER
DEU,61.57,170,53,22,19,94,87.36,165,148,23,21,192,25.79,98,56.4,77.1,23.4,12.0,20.2,10.9,Western Europe,Western Europe,GAINER
MCO,61.91,169,52,20,20,92,87.73,160,146,20,22,188,25.81,96,56.5,77.7,21.7,10.6,21.7,11.7,Western Europe,Western Europe,GAINER
LVA,59.84,173,53,23,19,95,86.06,171,144,24,24,192,26.22,97,55.8,75.0,24.2,12.5,20.0,12.5,Northern Europe,Northern Europe,GAINER
EST,59.67,174,53,24,18,95,86.31,170,144,23,24,191,26.65,96,55.8,75.4,25.3,12.0,18.9,12.6,Northern Europe,Northern Europe,GAINER
HRV,59.59,175,52,21,22,95,87.04,167,147,23,22,192,27.45,97,54.7,76.6,22.1,12.0,23.2,11.5,Southern Europe,Southern Europe,GAINER
SVK,59.41,176,52,23,20,95,86.97,168,146,22,23,191,27.56,96,54.7,76.4,24.2,11.5,21.1,12.0,Eastern Europe,Eastern Europe,GAINER
POL,57.17,178,51,23,21,95,85.73,172,143,24,25,192,28.57,97,53.7,74.5,24.2,12.5,22.1,13.0,Eastern Europe,Eastern Europe,GAINER
FRA,56.17,179,50,26,19,95,85.35,175,142,28,22,192,29.17,97,52.6,74.0,27.4,14.6,20.0,11.5,Western Europe,Western Europe,GAINER
CAN,58.05,177,51,23,21,95,87.36,165,148,23,21,192,29.31,97,53.7,77.1,24.2,12.0,22.1,10.9,Northern America,Northern America,GAINER
HUN,51.91,187,48,31,16,95,81.47,185,131,33,28,192,29.56,97,50.5,68.2,32.6,17.2,16.8,14.6,Eastern Europe,Eastern Europe,GAINER
LTU,55.65,181,50,24,21,95,85.4,174,142,24,26,192,29.75,97,52.6,74.0,25.3,12.5,22.1,13.5,Northern Europe,Northern Europe,GAINER
RUS,55.48,182,53,33,9,95,85.25,176,142,31,19,192,29.77,97,55.8,74.0,34.7,16.1,9.5,9.9,Eastern Europe,Eastern Europe,GAINER
ROU,55.76,180,50,23,22,95,85.73,172,143,24,25,192,29.97,97,52.6,74.5,24.2,12.5,23.2,13.0,Eastern Europe,Eastern Europe,GAINER
CZE,53.14,184,48,27,20,95,84.38,179,139,25,28,192,31.24,97,50.5,72.4,28.4,13.0,21.1,14.6,Eastern Europe,Eastern Europe,GAINER
FSM,54.75,183,40,26,9,75,86.35,169,120,27,11,158,31.6,83,53.3,75.9,34.7,17.1,12.0,7.0,Micronesia,Oceania,GAINER
UKR,52.02,186,47,21,26,94,83.99,182,135,25,28,188,31.97,94,50.0,71.8,22.3,13.3,27.7,14.9,Eastern Europe,Eastern Europe,GAINER
GBR,52.84,185,49,32,14,95,84.93,178,141,31,20,192,32.1,97,51.6,73.4,33.7,16.1,14.7,10.4,Northern Europe,Northern Europe,GAINER
GEO,45.19,188,44,10,39,93,84.14,180,133,11,39,183,38.94,90,47.3,72.7,10.8,6.0,41.9,21.3,Western Asia,Western Asia,GAINER
